<?xml version="1.0" encoding="utf-8"?><!DOCTYPE nta PUBLIC '-//Uppaal Team//DTD Flat System 1.1//EN' 'http://www.it.uu.se/research/group/darts/uppaal/flat-1_1.dtd'><nta><declaration>// Place global declarations here.
chan push;
clock x;
</declaration><template><name x="5" y="5">User</name><declaration>// Place local declarations here.
</declaration><location id="id0" x="16" y="168"><name x="-48" y="200">Push_2_after_3_sec</name></location><location id="id1" x="16" y="80"><name x="6" y="50">Push_1</name><label kind="invariant" x="-40" y="64">x &lt;= 4</label></location><location id="id2" x="16" y="-40"><name x="6" y="-70">User</name></location><init ref="id2"/><transition><source ref="id0"/><target ref="id2"/><label kind="synchronisation" x="-44" y="49">push!</label><nail x="-96" y="64"/></transition><transition><source ref="id1"/><target ref="id0"/><label kind="guard" x="32" y="96">x&gt;3</label><label kind="synchronisation" x="32" y="128">push!</label></transition><transition><source ref="id2"/><target ref="id1"/><label kind="synchronisation" x="172" y="-12">push!</label><label kind="assignment" x="168" y="8">x=0</label><nail x="156" y="-28"/><nail x="156" y="36"/></transition></template><template><name>Lamp</name><location id="id3" x="128" y="0"><name x="118" y="-30">Brighter</name></location><location id="id4" x="-32" y="0"><name x="-42" y="-30">Light</name></location><location id="id5" x="-192" y="0"><name x="-202" y="-30">Off</name></location><init ref="id5"/><transition><source ref="id4"/><target ref="id5"/><label kind="guard" x="-64" y="16">x&gt;3</label><label kind="synchronisation" x="-144" y="64">push?</label><nail x="-128" y="64"/></transition><transition><source ref="id3"/><target ref="id5"/><label kind="synchronisation" x="-52" y="-151">push?</label><nail x="-32" y="-128"/></transition><transition><source ref="id4"/><target ref="id3"/><label kind="guard" x="-8" y="-24">x &lt;= 3</label><label kind="synchronisation" x="40" y="-24">push?</label></transition><transition><source ref="id5"/><target ref="id4"/><label kind="synchronisation" x="-136" y="-24">push?</label><label kind="assignment" x="-136" y="0">x:=0</label></transition></template><system>// Place template instantiations here.
P1 = User();
P2 = Lamp();

// List one or more processes to be composed into a system.
system P1, P2;</system></nta>