<?xml version="1.0" encoding="utf-8"?><!DOCTYPE nta PUBLIC '-//Uppaal Team//DTD Flat System 1.1//EN' 'http://www.it.uu.se/research/group/darts/uppaal/flat-1_1.dtd'><nta><declaration>// Place global declarations here.
clock x;
chan push;
</declaration><template><name x="5" y="5">user</name><declaration>// Place local declarations here.
</declaration><location id="id0" x="16" y="-40"><name x="8" y="-24">User</name></location><init ref="id0"/><transition><source ref="id0"/><target ref="id0"/><label kind="synchronisation" x="88" y="-56">push!</label><nail x="80" y="-64"/><nail x="80" y="-16"/></transition></template><template><name>lamp</name><location id="id1" x="160" y="0"><name x="150" y="-30">Light</name></location><location id="id2" x="0" y="0"><name x="-8" y="-32">Off</name></location><init ref="id2"/><transition><source ref="id1"/><target ref="id2"/><label kind="synchronisation" x="64" y="64">push?</label><nail x="80" y="64"/></transition><transition><source ref="id1"/><target ref="id2"/><label kind="guard" x="72" y="-96">x&gt;3</label><label kind="synchronisation" x="64" y="-120">push?</label><nail x="80" y="-64"/></transition><transition><source ref="id2"/><target ref="id1"/><label kind="synchronisation" x="56" y="-32">push?</label><label kind="assignment" x="56" y="0">x=0</label></transition></template><system>

// Place template instantiations here.
// Process = Template();

// List one or more processes to be composed into a system.
system user, lamp;</system></nta>