<?xml version="1.0" encoding="utf-8"?><!DOCTYPE nta PUBLIC '-//Uppaal Team//DTD Flat System 1.1//EN' 'http://www.it.uu.se/research/group/darts/uppaal/flat-1_1.dtd'><nta><declaration>// Place global declarations here.
chan a;
chan b;</declaration><template><name>Fig12</name><declaration>
clock x1;
</declaration><location id="id0" x="248" y="0"><name x="238" y="-30">I11</name><label kind="invariant" x="264" y="-8">x1 &lt;= 1</label></location><location id="id1" x="0" y="0"><name x="-10" y="-30">I10</name><label kind="invariant" x="-88" y="-8">x1 &lt;= 4</label></location><init ref="id1"/><transition><source ref="id0"/><target ref="id1"/><label kind="guard" x="208" y="40">x1 &lt;= 1</label><label kind="synchronisation" x="112" y="40">b!</label><nail x="192" y="64"/><nail x="64" y="64"/></transition><transition><source ref="id1"/><target ref="id0"/><label kind="guard" x="0" y="-72">x1 &gt;= 2</label><label kind="synchronisation" x="112" y="-80">a?</label><label kind="assignment" x="200" y="-72">x1 := 0</label><nail x="56" y="-56"/><nail x="192" y="-56"/></transition></template><template><name>Fig13</name><declaration>clock y;
</declaration><location id="id2" x="-48" y="-16"><name x="-58" y="-46">N1</name></location><location id="id3" x="-368" y="-16"><name x="-378" y="-46">N0</name><label kind="invariant" x="-432" y="-32">y &lt;= 2</label></location><init ref="id3"/><transition><source ref="id2"/><target ref="id3"/><label kind="guard" x="-88" y="32">y &lt;= 1</label><label kind="synchronisation" x="-232" y="72">b?</label><label kind="assignment" x="-376" y="32">y := 0</label><nail x="-128" y="64"/><nail x="-288" y="64"/></transition><transition><source ref="id3"/><target ref="id2"/><label kind="synchronisation" x="-224" y="-112">a!</label><label kind="assignment" x="-96" y="-88">y := 0</label><nail x="-288" y="-88"/><nail x="-128" y="-88"/></transition><transition><source ref="id3"/><target ref="id2"/><label kind="guard" x="-268" y="-46">y &lt; 2</label><label kind="assignment" x="-128" y="-40">y := 0</label></transition></template><system>// Place template instantiations here.
P2 = Fig12();
P3 = Fig13();

// List one or more processes to be composed into a system.
system P2, P3;</system></nta>